Architecture,VRAM (GB),Optimizer
Dense,0.157819648,ADAFACTOR
Dense,0.174230784,ADAFACTOR
Dense,0.175222528,ADAFACTOR
Dense,0.176311296,ADAFACTOR
Dense,0.166201088,ADAFACTOR
Dense,0.171146496,ADAFACTOR
Dense,0.168155904,ADAFACTOR
Dense,0.174811904,ADAFACTOR
Dense,0.172894208,ADAFACTOR
Dense,0.173254144,ADAFACTOR
Dense,0.081313536,ADAFACTOR
Dense,0.087386624,ADAFACTOR
Dense,0.089686528,ADAFACTOR
Dense,0.092721152,ADAFACTOR
Dense,0.096507904,ADAFACTOR
Dense,0.097060864,ADAFACTOR
Dense,0.097581568,ADAFACTOR
Dense,0.098925568,ADAFACTOR
Dense,0.099126784,ADAFACTOR
Dense,0.0924992,ADAFACTOR
Dense,0.094570496,ADAFACTOR
Dense,0.095171584,ADAFACTOR
Dense,0.090908672,ADAFACTOR
Dense,0.092735744,ADAFACTOR
Dense,0.09447936,ADAFACTOR
Dense,0.095034112,ADAFACTOR
Dense,0.095576576,ADAFACTOR
Dense,0.096801536,ADAFACTOR
Dense,0.09497728,ADAFACTOR
Dense,0.023595008,ADAFACTOR
Dense,0.02416512,ADAFACTOR
Dense,0.026217472,ADAFACTOR
Dense,0.025919232,ADAFACTOR
Dense,0.024655872,ADAFACTOR
Dense,0.025151488,ADAFACTOR
Dense,0.025846784,ADAFACTOR
Dense,0.02573184,ADAFACTOR
Dense,0.091775488,LION
Dense,0.096438528,LION
Dense,0.096891648,LION
Dense,0.102138368,LION
Dense,0.098393344,LION
Dense,0.101079552,LION
Dense,0.102669312,LION
Dense,0.102725888,LION
Dense,0.099264512,LION
Dense,0.100349696,LION
Dense,0.219463424,LION
Dense,0.224688128,LION
Dense,0.231984128,LION
Dense,0.248635648,LION
Dense,0.244670208,LION
Dense,0.239713792,LION
Dense,0.23536,LION
Dense,0.241141504,LION
Dense,0.256044544,LION
Dense,0.242385664,LION
Dense,0.036820736,ADAFACTOR
Dense,0.039700224,ADAFACTOR
Dense,0.172251392,ADAMW
Dense,0.186532352,ADAMW
Dense,0.189455104,ADAMW
Dense,0.182140928,ADAMW
Dense,0.187966464,ADAMW
Dense,0.189673728,ADAMW
Dense,0.18938368,ADAMW
Dense,0.194337024,ADAMW
Dense,0.20485632,ADAMW
Dense,0.20430976,ADAMW
Dense,0.14003712,LION
Dense,0.144057088,LION
Dense,0.149194496,LION
Dense,0.14855936,LION
Dense,0.15009024,LION
Dense,0.148848384,LION
Dense,0.144747008,LION
Dense,0.320286976,ADAMW
Dense,0.32179584,ADAMW
Dense,0.324705792,ADAMW
Dense,0.327316224,ADAMW
Dense,0.33468928,ADAMW
Dense,0.337448192,ADAMW
Dense,0.339394048,ADAMW
Dense,0.338263552,ADAMW
MoE,0.165454336,ADAFACTOR
MoE,0.170635264,ADAFACTOR
MoE,0.175972608,ADAFACTOR
MoE,0.184855552,ADAFACTOR
MoE,0.189005056,ADAFACTOR
MoE,0.129153024,ADAFACTOR
MoE,0.134839296,ADAFACTOR
MoE,0.138097664,ADAFACTOR
MoE,0.139651584,ADAFACTOR
MoE,0.138353152,ADAFACTOR
MoE,0.924406016,ADAMW
MoE,0.940817664,ADAMW
MoE,0.949624576,ADAMW
MoE,0.97718656,ADAMW
Dense,0.118503168,LION
Dense,0.12779904,LION
Dense,0.134832384,LION
Dense,0.132871936,LION
Dense,0.131236608,LION
Dense,0.142774272,LION
Dense,0.136150528,LION
Dense,0.30040064,LION
Dense,0.30716544,LION
Dense,0.312732928,LION
Dense,0.320386816,LION
Dense,0.32292864,LION
Dense,0.323952128,LION
Dense,0.333381632,LION
Dense,0.203348736,LION
Dense,0.21127424,LION
Dense,0.216830976,LION
Dense,0.213540352,LION
Dense,0.215661824,LION
Dense,0.226773248,LION
MoE,0.08557184,LION
MoE,0.086580736,LION
MoE,0.089872128,LION
MoE,0.088790016,LION
MoE,0.08823936,LION
MoE,0.092146432,LION
MoE,0.090407936,LION
MoE,0.094996992,LION
MoE,0.09548032,LION
MoE,0.095663872,LION
MoE,0.097637632,LION
MoE,0.26570368,LION
MoE,0.26836992,LION
MoE,0.269433088,LION
MoE,0.269849088,LION
MoE,0.274119936,LION
MoE,0.271347712,LION
MoE,0.503228416,LION
MoE,0.515789568,LION
MoE,0.529484544,LION
MoE,0.538363648,LION
MoE,0.530445824,LION
MoE,0.531164928,LION
MoE,0.531161856,LION
MoE,0.535509504,LION
MoE,0.536797952,LION
MoE,0.540711424,LION
MoE,0.54220928,LION
MoE,0.542916096,LION
MoE,0.54091008,LION
MoE,0.5318656,LION
MoE,0.536429568,LION
MoE,0.54128768,LION
MoE,0.538164224,LION
MoE,0.539794688,LION
MoE,0.536158208,LION
MoE,0.540236544,LION
MoE,0.54153728,LION
MoE,0.544165888,LION
MoE,0.542410496,LION
MoE,0.539537664,LION
MoE,0.160982016,ADAFACTOR
MoE,0.16944256,ADAFACTOR
MoE,0.17203584,ADAFACTOR
MoE,0.172179968,ADAFACTOR
MoE,0.172792832,ADAFACTOR
MoE,0.174102016,ADAFACTOR
MoE,0.177452288,ADAFACTOR
MoE,0.086246144,LION
MoE,0.088566272,LION
MoE,0.089782016,LION
MoE,0.089044992,LION
Dense,0.084006656,LION
Dense,0.088307456,LION
Dense,0.088071168,LION
Dense,0.093549056,LION
Dense,0.091969536,LION
MoE,0.338264064,LION
MoE,0.342290688,LION
MoE,0.34527872,LION
MoE,0.348105472,LION
MoE,0.34346496,LION
MoE,0.346775808,LION
MoE,0.342504448,LION
MoE,0.347310592,LION
MoE,0.347494912,LION
MoE,0.348700416,LION
MoE,0.347009536,LION
MoE,0.346770944,LION
Dense,0.157263104,LION
Dense,0.164572416,LION
Dense,0.16484352,LION
Dense,0.169071616,LION
Dense,0.16248192,LION
Dense,0.1648448,LION
Dense,0.227261952,LION
Dense,0.236270848,LION
Dense,0.232957696,LION
Dense,0.239450368,LION
Dense,0.234295552,LION
Dense,0.248467968,LION
Dense,0.042298112,LION
Dense,0.043774208,LION
Dense,0.045788672,LION
Dense,0.046866432,LION
Dense,0.047526912,LION
Dense,0.04799616,LION
Dense,0.049084672,LION
Dense,0.230431488,LION
Dense,0.239806208,LION
Dense,0.242134272,LION
Dense,0.238832384,LION
Dense,0.24109568,LION
MoE,0.135331328,LION
MoE,0.139226368,LION
MoE,0.139997696,LION
MoE,0.139603456,LION
MoE,0.139452416,LION
MoE,0.139485184,LION
MoE,0.139832064,LION
MoE,0.140416256,LION
MoE,0.141047552,LION
MoE,0.14183168,LION
MoE,0.141705216,LION
MoE,0.140967424,LION
MoE,0.14182016,LION
MoE,0.142190336,LION
Dense,0.045634048,LION
Dense,0.047172352,LION
Dense,0.047656192,LION
Dense,0.048680448,LION
Dense,0.204943872,LION
Dense,0.210919936,LION
Dense,0.21312,LION
Dense,0.215682816,LION
MoE,0.16623616,LION
MoE,0.170892032,LION
MoE,0.172393728,LION
MoE,0.1731264,LION
MoE,0.172800512,LION
MoE,0.243343104,LION
MoE,0.249460224,LION
MoE,0.254216448,LION
MoE,0.256640256,LION
MoE,0.258956288,LION
MoE,0.259192064,LION
MoE,0.266038784,LION
MoE,0.271212288,LION
MoE,0.2697792,LION
MoE,0.267707392,LION
MoE,0.26529152,LION
MoE,0.270165248,LION
MoE,0.268166656,LION
MoE,0.274045952,LION
MoE,0.264275968,LION
MoE,0.272273152,LION
MoE,0.26523904,LION
MoE,0.262833152,LION
MoE,0.266708736,LION
MoE,0.26549504,LION
MoE,0.270830336,LION
MoE,0.264650752,LION
MoE,0.266247168,LION
MoE,0.266909952,LION
Dense,0.13557248,LION
Dense,0.140049408,LION
Dense,0.143044864,LION
Dense,0.14243712,LION
Dense,0.14821888,LION
Dense,0.149213952,LION
Dense,0.150107136,LION
Dense,0.147716096,LION
Dense,0.148065536,LION
Dense,0.149947136,LION
MoE,0.45931008,ADAFACTOR
MoE,0.467671808,ADAFACTOR
MoE,0.468453376,ADAFACTOR
MoE,0.464446464,ADAFACTOR
MoE,0.46981248,ADAFACTOR
MoE,0.474021632,ADAFACTOR
MoE,0.474270976,ADAFACTOR
MoE,0.471073792,ADAFACTOR
MoE,0.471409408,ADAFACTOR
MoE,0.472864512,ADAFACTOR
MoE,0.473554432,ADAFACTOR
MoE,0.479467264,ADAFACTOR
MoE,0.47486592,ADAFACTOR
MoE,0.478825472,ADAFACTOR
MoE,0.485291776,ADAFACTOR
MoE,0.488118784,ADAFACTOR
MoE,0.489179648,ADAFACTOR
MoE,0.491778816,ADAFACTOR
MoE,0.495691264,ADAFACTOR
Dense,0.10178688,ADAFACTOR
Dense,0.104246016,ADAFACTOR
Dense,0.106069248,ADAFACTOR
Dense,0.106694912,ADAFACTOR
Dense,0.10867328,ADAFACTOR
Dense,0.108607744,ADAFACTOR
Dense,0.110251776,ADAFACTOR
Dense,0.109858816,ADAFACTOR
Dense,0.10871168,ADAFACTOR
Dense,0.114679296,ADAFACTOR
Dense,0.11220608,ADAFACTOR
Dense,0.115225344,ADAFACTOR
Dense,0.114140672,ADAFACTOR
Dense,0.115079936,ADAFACTOR
MoE,0.288432896,ADAFACTOR
MoE,0.295780096,ADAFACTOR
MoE,0.300534528,ADAFACTOR
MoE,0.30441728,ADAFACTOR
MoE,0.30346496,ADAFACTOR
Dense,0.13475584,ADAFACTOR
Dense,0.139953408,ADAFACTOR
Dense,0.14173056,ADAFACTOR
Dense,0.140208896,ADAFACTOR
Dense,0.139420672,ADAFACTOR
Dense,0.14148864,ADAFACTOR
MoE,0.33900544,LION
MoE,0.345302784,LION
MoE,0.35051136,LION
MoE,0.349012736,LION
MoE,0.350489088,LION
MoE,0.348258304,LION
MoE,0.353859072,LION
MoE,0.502040064,LION
MoE,0.528612864,LION
MoE,0.533232896,LION
MoE,0.531733504,LION
MoE,0.536371456,LION
MoE,0.540043264,LION
MoE,0.53448832,LION
MoE,0.16584704,LION
MoE,0.168598784,LION
MoE,0.170893824,LION
MoE,0.173306624,LION
MoE,0.171266048,LION
MoE,0.17423104,LION
MoE,0.173583104,LION
MoE,0.17688192,LION
MoE,0.176240896,LION
MoE,0.17663488,LION
MoE,0.179907072,LION
MoE,0.178830848,LION
MoE,0.179734272,LION
MoE,0.180110592,LION
MoE,0.359686144,LION
MoE,0.365567488,LION
MoE,0.3706176,LION
MoE,0.368883456,LION
MoE,0.373673728,LION
MoE,0.46758912,ADAFACTOR
MoE,0.485183744,ADAFACTOR
MoE,0.491067392,ADAFACTOR
MoE,0.48950656,ADAFACTOR
MoE,0.492425472,ADAFACTOR
MoE,0.49642496,ADAFACTOR
MoE,0.495142144,ADAFACTOR
MoE,0.531729152,LION
MoE,0.547472128,LION
MoE,0.55976448,LION
MoE,0.56091392,LION
MoE,0.560881408,LION
MoE,0.561418752,LION
MoE,0.561677824,LION
MoE,0.561500416,LION
MoE,0.5660992,LION
MoE,0.56809472,LION
MoE,0.561658112,LION
MoE,0.563079168,LION
MoE,0.566807552,LION
MoE,0.561780736,LION
MoE,0.339257344,LION
MoE,0.346008064,LION
MoE,0.351658752,LION
MoE,0.350218752,LION
MoE,0.348468992,LION
MoE,0.34742016,LION
MoE,0.348672512,LION
MoE,0.351442432,LION
MoE,0.35225472,LION
MoE,0.352420608,LION
MoE,0.352517376,LION
MoE,0.351216384,LION
MoE,0.35324928,LION
MoE,0.353803776,LION
Dense,0.205897216,LION
Dense,0.2116096,LION
Dense,0.217543168,LION
Dense,0.217805312,LION
Dense,0.219677952,LION
Dense,0.222514176,LION
Dense,0.222741504,LION
MoE,0.503177472,LION
MoE,0.521070336,LION
MoE,0.538466816,LION
MoE,0.541755648,LION
MoE,0.54287616,LION
MoE,0.541836544,LION
MoE,0.539546112,LION
MoE,0.541318656,LION
MoE,0.54140928,LION
MoE,0.539036928,LION
MoE,0.538861568,LION
MoE,0.537210112,LION
MoE,0.495560704,LION
MoE,0.505609984,LION
MoE,0.52527872,LION
MoE,0.5206144,LION
MoE,0.530774784,LION
MoE,0.54046336,LION
MoE,0.545238016,LION
MoE,0.54210944,LION
MoE,0.539844096,LION
MoE,0.549298944,LION
MoE,0.543407872,LION
MoE,0.542296576,LION
MoE,0.543185664,LION
MoE,0.537092864,LION
Dense,0.140168448,LION
Dense,0.143787776,LION
Dense,0.144737792,LION
Dense,0.1448,LION
Dense,0.148322048,LION
Dense,0.147202048,LION
Dense,0.115485952,LION
Dense,0.117726976,LION
Dense,0.121283328,LION
Dense,0.122103552,LION
Dense,0.120706304,LION
Dense,0.120750592,LION
Dense,0.1207296,LION
Dense,0.120109056,LION
Dense,0.121601536,LION
Dense,0.121572096,LION
MoE,0.508556544,LION
MoE,0.528618752,LION
MoE,0.537045248,LION
MoE,0.538369536,LION
MoE,0.911110656,LION
MoE,0.929840896,LION
MoE,0.93775872,LION
MoE,0.940686848,LION
MoE,0.937483776,LION
MoE,0.945067008,LION
MoE,0.950859264,LION
MoE,0.95234688,LION
MoE,0.962496256,LION
MoE,0.973198592,LION
MoE,0.963000064,LION
MoE,0.976431872,LION
MoE,0.354710528,LION
MoE,0.364176896,LION
MoE,0.367009024,LION
MoE,0.369160704,LION
MoE,0.373199616,LION
MoE,0.372484096,LION
MoE,0.37165056,LION
Dense,0.078620672,ADAFACTOR
Dense,0.085186048,ADAFACTOR
Dense,0.08821376,ADAFACTOR
Dense,0.087152128,ADAFACTOR
Dense,0.066074368,LION
Dense,0.070061312,LION
Dense,0.071515136,LION
Dense,0.071795456,LION
Dense,0.072330752,LION
Dense,0.073687808,LION
Dense,0.075647232,LION
Dense,0.074966528,LION
Dense,0.076740096,LION
Dense,0.076525312,LION
MoE,0.078537984,ADAFACTOR
MoE,0.079196416,ADAFACTOR
MoE,0.08075392,ADAFACTOR
MoE,0.08040576,ADAFACTOR
Dense,0.024532992,LION
Dense,0.02524928,LION
Dense,0.02645376,LION
Dense,0.027205888,LION
Dense,0.026801152,LION
Dense,0.026162944,LION
Dense,0.026907648,LION
Dense,0.06318976,LION
Dense,0.066184448,LION
Dense,0.06793728,LION
Dense,0.071696384,LION
Dense,0.069885696,LION
Dense,0.07298304,LION
Dense,0.073288192,LION
Dense,0.077685504,LION
Dense,0.07814912,LION
Dense,0.075488768,LION
Dense,0.075092992,LION
Dense,0.077860352,LION
MoE,0.165814784,LION
MoE,0.171855104,LION
MoE,0.17327872,LION
MoE,0.174208,LION
MoE,0.141518592,LION
MoE,0.14878208,LION
MoE,0.148177664,LION
MoE,0.147505664,LION
MoE,0.149779712,LION
MoE,0.14881792,LION
MoE,0.14901248,LION
MoE,0.148036096,LION
MoE,0.148402176,LION
MoE,0.149558528,LION
MoE,0.150696448,LION
MoE,0.150540288,LION
Dense,0.090400512,LION
Dense,0.092333056,LION
Dense,0.094846208,LION
Dense,0.094268672,LION
Dense,0.095429888,LION
Dense,0.096836608,LION
MoE,0.18155648,LION
MoE,0.18233728,LION
MoE,0.184690432,LION
MoE,0.185947904,LION
MoE,0.187556096,LION
MoE,0.187970816,LION
MoE,0.189020672,LION
MoE,0.191573504,LION
MoE,0.191113728,LION
MoE,0.194198016,LION
MoE,0.605551104,LION
MoE,0.611848192,LION
MoE,0.615086336,LION
MoE,0.615862016,LION
MoE,0.616775936,LION
MoE,0.614659584,LION
MoE,0.619988992,LION
MoE,0.619629056,LION
MoE,0.619664128,LION
MoE,0.620030464,LION
MoE,0.621912064,LION
MoE,0.626769152,LION
MoE,0.623392,LION
MoE,0.629036544,LION
Dense,0.084896768,LION
Dense,0.089064448,LION
Dense,0.090286592,LION
Dense,0.091374336,LION
Dense,0.092891648,LION
Dense,0.094114816,LION
Dense,0.095097344,LION
MoE,0.605809152,LION
MoE,0.618289152,LION
MoE,0.624283136,LION
MoE,0.625428992,LION
MoE,0.629341696,LION
MoE,0.084832256,ADAFACTOR
MoE,0.086278656,ADAFACTOR
MoE,0.085852672,ADAFACTOR
MoE,0.08811392,ADAFACTOR
MoE,0.087954432,ADAFACTOR
MoE,0.088788736,ADAFACTOR
MoE,0.089295616,ADAFACTOR
MoE,0.124279552,ADAFACTOR
MoE,0.13607296,ADAFACTOR
MoE,0.139466496,ADAFACTOR
MoE,0.142300416,ADAFACTOR
MoE,0.147241984,ADAFACTOR
MoE,0.149626368,ADAFACTOR
MoE,0.151662592,ADAFACTOR
MoE,0.150193408,ADAFACTOR
MoE,0.152795136,ADAFACTOR
MoE,0.154594048,ADAFACTOR
MoE,0.150154752,ADAFACTOR
MoE,0.1509632,ADAFACTOR
Dense,0.205661184,LION
Dense,0.211614464,LION
Dense,0.217870848,LION
Dense,0.223789824,LION
Dense,0.225914624,LION
Dense,0.230477568,LION
Dense,0.229465856,LION
Dense,0.226478592,LION
Dense,0.226711808,LION
Dense,0.225980416,LION
Dense,0.225742848,LION
Dense,0.22459648,LION
Dense,0.230656256,LION
Dense,0.229888256,LION
Dense,0.227772928,LION
Dense,0.229040896,LION
Dense,0.224662272,LION
Dense,0.227269376,LION
Dense,0.231912192,LION
Dense,0.22896384,LION
Dense,0.228780544,LION
Dense,0.228811008,LION
Dense,0.230932992,LION
Dense,0.230462208,LION
Dense,0.233255168,LION
Dense,0.236856832,LION
Dense,0.239454464,LION
Dense,0.238552576,LION
Dense,0.237348352,LION
Dense,0.237889536,LION
Dense,0.24218496,LION
Dense,0.241288448,LION
Dense,0.236264192,LION
Dense,0.240838912,LION
Dense,0.24000384,LION
Dense,0.242505472,LION
Dense,0.239877888,LION
Dense,0.229024768,LION
Dense,0.084929536,LION
Dense,0.087542272,LION
Dense,0.090871808,LION
Dense,0.09225216,LION
Dense,0.093824256,LION
Dense,0.093640704,LION
Dense,0.094475008,LION
Dense,0.0955264,LION
Dense,0.09597184,LION
Dense,0.094735872,LION
MoE,0.241703424,LION
MoE,0.244530176,LION
MoE,0.252699648,LION
MoE,0.251655168,LION
MoE,0.252482304,LION
MoE,0.23668608,LION
MoE,0.243404032,LION
MoE,0.244760064,LION
MoE,0.245307904,LION
MoE,0.24724992,LION
MoE,0.247949312,LION
MoE,0.24864256,LION
MoE,0.25140224,LION
MoE,0.256272896,LION
MoE,0.258426368,LION
MoE,0.269421824,LION
MoE,0.26557824,LION
MoE,0.265265408,LION
MoE,0.262718976,LION
MoE,0.265874176,LION
MoE,0.262612224,LION
MoE,0.26503936,LION
MoE,0.26541312,LION
MoE,0.26446336,LION
MoE,0.267777024,LION
MoE,0.265799936,LION
MoE,0.268006912,LION
MoE,0.267530752,LION
MoE,0.2651008,LION
Dense,0.081882624,LION
Dense,0.0846528,LION
Dense,0.087740928,LION
Dense,0.087361536,LION
Dense,0.09211648,LION
Dense,0.095805696,LION
Dense,0.095363328,LION
Dense,0.2079936,LION
Dense,0.21770624,LION
Dense,0.228141568,LION
Dense,0.22269696,LION
Dense,0.232038912,LION
Dense,0.231311104,LION
Dense,0.234710016,LION
Dense,0.23807744,LION
Dense,0.241382144,LION
Dense,0.235702272,LION
MoE,0.308124928,ADAFACTOR
MoE,0.314320384,ADAFACTOR
MoE,0.318418176,ADAFACTOR
MoE,0.318998272,ADAFACTOR
MoE,0.316929024,ADAFACTOR
MoE,0.319408384,ADAFACTOR
MoE,0.316851456,ADAFACTOR
MoE,0.323678464,ADAFACTOR
MoE,0.325890304,ADAFACTOR
MoE,0.328964864,ADAFACTOR
MoE,0.329740032,ADAFACTOR
MoE,0.329555968,ADAFACTOR
MoE,0.335446784,ADAFACTOR
MoE,0.333660928,ADAFACTOR
MoE,0.610447872,LION
MoE,0.619739392,LION
MoE,0.622898432,LION
MoE,0.624063744,LION
MoE,0.633387008,LION
MoE,0.634580736,LION
Dense,0.08508928,LION
Dense,0.088872448,LION
Dense,0.090412032,LION
Dense,0.091359488,LION
Dense,0.094216448,LION
Dense,0.093521408,LION
Dense,0.095253248,LION
Dense,0.0982976,LION
Dense,0.097795328,LION
Dense,0.096559104,LION
Dense,0.096836096,LION
Dense,0.097062144,LION
Dense,0.09848064,LION
Dense,0.098443008,LION
Dense,0.09899136,LION
Dense,0.09889536,LION
Dense,0.096960256,LION
Dense,0.097059072,LION
Dense,0.096810496,LION
Dense,0.096518656,LION
Dense,0.096701696,LION
Dense,0.097061888,LION
Dense,0.099755264,LION
Dense,0.101285632,LION
Dense,0.100864256,LION
Dense,0.10287616,LION
Dense,0.102830592,LION
Dense,0.102683648,LION
Dense,0.206649088,LION
Dense,0.21090816,LION
Dense,0.21703424,LION
Dense,0.225425152,LION
Dense,0.229647104,LION
Dense,0.236600832,LION
Dense,0.247273216,LION
Dense,0.243095552,LION
Dense,0.248484608,LION
Dense,0.252338432,LION
Dense,0.248937984,LION
Dense,0.247015168,LION
Dense,0.245506816,LION
Dense,0.245507328,LION
MoE,0.241556992,LION
MoE,0.243576832,LION
MoE,0.257397248,LION
MoE,0.260269824,LION
MoE,0.2599168,LION
MoE,0.266657792,LION
MoE,0.267775744,LION
Dense,0.066074368,LION
Dense,0.070061312,LION
Dense,0.070893312,LION
Dense,0.073149952,LION
Dense,0.072866816,LION
Dense,0.074553344,LION
Dense,0.074800896,LION
Dense,0.07451264,LION
Dense,0.074839296,LION
Dense,0.078456064,LION
Dense,0.076638208,LION
Dense,0.076425984,LION
Dense,0.159620096,ADAFACTOR
Dense,0.177086464,ADAFACTOR
Dense,0.17777024,ADAFACTOR
Dense,0.179132672,ADAFACTOR
Dense,0.178848512,ADAFACTOR
Dense,0.176973824,ADAFACTOR
Dense,0.188534016,ADAFACTOR
Dense,0.18958464,ADAFACTOR
Dense,0.186147072,ADAFACTOR
Dense,0.191483904,ADAFACTOR
Dense,0.208685824,ADAFACTOR
Dense,0.212693248,ADAFACTOR
Dense,0.223510272,ADAFACTOR
Dense,0.22169472,ADAFACTOR
Dense,0.202046208,LION
Dense,0.210497792,LION
Dense,0.210312448,LION
Dense,0.217399296,LION
Dense,0.212147712,LION
Dense,0.217594368,LION
Dense,0.232686592,LION
Dense,0.198380544,LION
Dense,0.203356672,LION
Dense,0.204076544,LION
Dense,0.20519552,LION
Dense,0.204978944,LION
Dense,0.20629632,LION
Dense,0.204770304,LION
Dense,0.205553408,LION
Dense,0.207597824,LION
Dense,0.20678272,LION
Dense,0.207274496,LION
Dense,0.211868672,LION
Dense,0.102066176,ADAMW
Dense,0.10265856,ADAMW
Dense,0.106479104,ADAMW
Dense,0.109086976,ADAMW
Dense,0.109161472,ADAMW
Dense,0.109558272,ADAMW
Dense,0.111284224,ADAMW
Dense,0.160382208,ADAFACTOR
Dense,0.168232448,ADAFACTOR
Dense,0.175339776,ADAFACTOR
Dense,0.180846592,ADAFACTOR
Dense,0.176361216,ADAFACTOR
Dense,0.187410944,ADAFACTOR
Dense,0.186739968,ADAFACTOR
Dense,0.185666304,ADAFACTOR
Dense,0.180532992,ADAFACTOR
Dense,0.183262976,ADAFACTOR
Dense,0.190670592,ADAFACTOR
Dense,0.198014208,ADAFACTOR
Dense,0.19961728,ADAFACTOR
Dense,0.20084224,ADAFACTOR
Dense,0.162505216,ADAFACTOR
Dense,0.16735616,ADAFACTOR
Dense,0.1770048,ADAFACTOR
Dense,0.177194752,ADAFACTOR
Dense,0.175766016,ADAFACTOR
Dense,0.178231552,ADAFACTOR
Dense,0.175778816,ADAFACTOR
Dense,0.176511488,ADAFACTOR
Dense,0.17810432,ADAFACTOR
Dense,0.17546752,ADAFACTOR
Dense,0.182475776,ADAFACTOR
Dense,0.187753472,ADAFACTOR
MoE,0.26793728,LION
MoE,0.275072512,LION
MoE,0.278230272,LION
MoE,0.281912576,LION
MoE,0.280538112,LION
MoE,0.279666688,LION
MoE,0.279469824,LION
MoE,0.284333056,LION
MoE,0.286343168,LION
MoE,0.284187904,LION
MoE,0.286722816,LION
MoE,0.28208,LION
MoE,0.28412416,LION
MoE,0.285346048,LION
MoE,0.124279552,ADAFACTOR
MoE,0.13739776,ADAFACTOR
MoE,0.13820928,ADAFACTOR
MoE,0.14412032,ADAFACTOR
MoE,0.145634048,ADAFACTOR
MoE,0.143257856,ADAFACTOR
MoE,0.145341696,ADAFACTOR
MoE,0.147121664,ADAFACTOR
MoE,0.149413376,ADAFACTOR
MoE,0.150535936,ADAFACTOR
MoE,0.1509312,ADAFACTOR
MoE,0.153423616,ADAFACTOR
MoE,0.153332224,ADAFACTOR
MoE,0.147585024,ADAFACTOR
MoE,0.605548544,LION
MoE,0.614272768,LION
MoE,0.617008384,LION
MoE,0.614409728,LION
MoE,0.617362432,LION
MoE,0.617418496,LION
MoE,0.616475136,LION
MoE,0.620486656,LION
MoE,0.621348864,LION
MoE,0.62271616,LION
MoE,0.620460288,LION
MoE,0.620773888,LION
MoE,0.620968192,LION
MoE,0.624443904,LION
MoE,0.629611776,LION
MoE,0.627073536,LION
MoE,0.624954112,LION
MoE,0.627470848,LION
MoE,0.62658688,LION
MoE,0.163488256,LION
MoE,0.16604288,LION
MoE,0.167120896,LION
MoE,0.168554752,LION
MoE,1.386577408,ADAMW
MoE,1.3987456,ADAMW
MoE,1.405092096,ADAMW
MoE,1.408856064,ADAMW
MoE,1.419334912,ADAMW
MoE,1.413453312,ADAMW
MoE,1.43023232,ADAMW
MoE,0.088305664,ADAFACTOR
MoE,0.091269632,ADAFACTOR
MoE,0.090304768,ADAFACTOR
MoE,0.092924416,ADAFACTOR
MoE,0.09436032,ADAFACTOR
Dense,0.220178432,LION
Dense,0.226473216,LION
Dense,0.235262464,LION
Dense,0.22907904,LION
Dense,0.238133248,LION
Dense,0.240245504,LION
Dense,0.063354112,LION
Dense,0.065176576,LION
Dense,0.072695808,LION
Dense,0.07138816,LION
Dense,0.073912832,LION
Dense,0.07070592,LION
Dense,0.072198144,LION
Dense,0.073317888,LION
Dense,0.071393024,LION
Dense,0.07083136,LION
Dense,0.0726336,LION
Dense,0.07247232,LION
Dense,0.073221376,LION
Dense,0.072987904,LION
Dense,0.073709312,LION
Dense,0.073988096,LION
Dense,0.075099136,LION
Dense,0.075141376,LION
Dense,0.073787648,LION
Dense,0.073327616,LION
Dense,0.07382016,LION
Dense,0.07396864,LION
Dense,0.07403264,LION
Dense,0.072833536,LION
MoE,1.35427968,ADAMW
MoE,1.365401344,ADAMW
MoE,1.368676096,ADAMW
MoE,1.369550848,ADAMW
MoE,1.376781568,ADAMW
MoE,1.375726848,ADAMW
MoE,1.375329536,ADAMW
MoE,1.37691648,ADAMW
MoE,1.380333312,ADAMW
MoE,1.398678528,ADAMW
MoE,1.412543744,ADAMW
MoE,1.412903168,ADAMW
Dense,0.29981568,LION
Dense,0.3117888,LION
Dense,0.316511744,LION
Dense,0.323072256,LION
Dense,0.323278848,LION
Dense,0.325953536,LION
Dense,0.331785216,LION
Dense,0.326874624,LION
Dense,0.332854528,LION
Dense,0.335817984,LION
Dense,0.337987328,LION
Dense,0.334588416,LION
MoE,0.130491904,ADAFACTOR
MoE,0.14272256,ADAFACTOR
MoE,0.143997952,ADAFACTOR
MoE,0.147159552,ADAFACTOR
MoE,0.149037056,ADAFACTOR
MoE,0.14825984,ADAFACTOR
MoE,0.151096064,ADAFACTOR
MoE,0.153904896,ADAFACTOR
MoE,0.158335232,ADAFACTOR
MoE,0.158546944,ADAFACTOR
MoE,0.157944064,ADAFACTOR
MoE,0.160225792,ADAFACTOR
MoE,0.160342528,ADAFACTOR
MoE,0.161355008,ADAFACTOR
MoE,0.162036224,ADAFACTOR
MoE,0.16646272,ADAFACTOR
MoE,0.166887168,ADAFACTOR
MoE,0.170341888,ADAFACTOR
MoE,0.168732416,ADAFACTOR
MoE,0.165657856,ADAFACTOR
MoE,0.16409472,ADAFACTOR
MoE,0.162415616,ADAFACTOR
MoE,0.164419328,ADAFACTOR
MoE,0.16476416,ADAFACTOR
Dense,0.129307392,ADAMW
Dense,0.141877248,ADAMW
Dense,0.14561792,ADAMW
Dense,0.146245376,ADAMW
Dense,0.14731776,ADAMW
Dense,0.147066368,ADAMW
Dense,0.148809728,ADAMW
Dense,0.146530304,ADAMW
Dense,0.146757632,ADAMW
Dense,0.14416896,ADAMW
Dense,0.148328448,ADAMW
Dense,0.147990784,ADAMW
Dense,0.116021504,LION
Dense,0.1183808,LION
Dense,0.118147584,LION
Dense,0.12073088,LION
Dense,0.118495744,LION
Dense,0.119400448,LION
MoE,1.361092352,ADAMW
MoE,1.366122752,ADAMW
MoE,1.377352192,ADAMW
MoE,1.379773696,ADAMW
MoE,1.381691136,ADAMW
Dense,0.034426624,ADAFACTOR
Dense,0.037554176,ADAFACTOR
Dense,0.038312448,ADAFACTOR
Dense,0.037486592,ADAFACTOR
Dense,0.038002944,ADAFACTOR
Dense,0.038766848,ADAFACTOR
Dense,0.038659328,ADAFACTOR
Dense,0.03922304,ADAFACTOR
Dense,0.039854592,ADAFACTOR
Dense,0.039172864,ADAFACTOR
Dense,0.040349184,ADAFACTOR
Dense,0.041869312,ADAFACTOR
Dense,0.040830208,ADAFACTOR
Dense,0.039588608,ADAFACTOR
Dense,0.105735936,ADAFACTOR
Dense,0.107190272,ADAFACTOR
Dense,0.108966656,ADAFACTOR
Dense,0.115532544,ADAFACTOR
Dense,0.116796416,ADAFACTOR
Dense,0.12248832,ADAFACTOR
Dense,0.122823424,ADAFACTOR
Dense,0.121584384,ADAFACTOR
Dense,0.130004992,ADAFACTOR
Dense,0.131860224,ADAFACTOR
Dense,0.128155648,ADAFACTOR
Dense,0.12834304,ADAFACTOR
Dense,0.1227776,ADAFACTOR
Dense,0.122155264,ADAFACTOR
Dense,0.162599424,ADAFACTOR
Dense,0.167982336,ADAFACTOR
Dense,0.174385664,ADAFACTOR
Dense,0.179259904,ADAFACTOR
Dense,0.180397824,ADAFACTOR
Dense,0.18430336,ADAFACTOR
Dense,0.184641024,ADAFACTOR
Dense,0.183441408,ADAFACTOR
Dense,0.186152704,ADAFACTOR
Dense,0.186596352,ADAFACTOR
Dense,0.183844864,ADAFACTOR
Dense,0.184461568,ADAFACTOR
Dense,0.18621696,ADAFACTOR
Dense,0.184472576,ADAFACTOR
Dense,0.187988736,ADAFACTOR
Dense,0.187649792,ADAFACTOR
Dense,0.184345856,ADAFACTOR
Dense,0.18519936,ADAFACTOR
Dense,0.186669568,ADAFACTOR
Dense,0.188220928,ADAFACTOR
Dense,0.19020928,ADAFACTOR
Dense,0.20001792,ADAFACTOR
Dense,0.197950208,ADAFACTOR
Dense,0.195781888,ADAFACTOR
Dense,0.129307648,ADAMW
Dense,0.14165632,ADAMW
Dense,0.144744704,ADAMW
Dense,0.14613632,ADAMW
Dense,0.147960064,ADAMW
Dense,0.147271936,ADAMW
Dense,0.1495936,ADAMW
Dense,0.147722752,ADAMW
Dense,0.14772736,ADAMW
Dense,0.151398656,ADAMW
MoE,0.337860608,LION
MoE,0.343427072,LION
MoE,0.3422336,LION
MoE,0.346335488,LION
MoE,0.3422208,LION
MoE,0.345157888,LION
MoE,0.347702272,LION
MoE,0.3481664,LION
MoE,0.34617984,LION
MoE,0.345256704,LION
MoE,0.346432256,LION
MoE,0.346247424,LION
MoE,0.347570432,LION
MoE,0.351279872,LION
MoE,0.908869632,LION
MoE,0.910993664,LION
MoE,0.910372096,LION
MoE,0.909178112,LION
MoE,0.9146368,LION
MoE,0.924443648,LION
MoE,0.93191424,LION
MoE,0.92763136,LION
MoE,0.930486272,LION
MoE,0.931359232,LION
MoE,0.490066688,ADAFACTOR
MoE,0.50303488,ADAFACTOR
MoE,0.528761088,ADAFACTOR
MoE,0.540696576,ADAFACTOR
MoE,0.555967232,ADAFACTOR
MoE,0.559690496,ADAFACTOR
MoE,0.564865536,ADAFACTOR
MoE,0.576312064,ADAFACTOR
MoE,0.57810304,ADAFACTOR
MoE,0.592110848,ADAFACTOR
MoE,0.5798592,ADAFACTOR
MoE,0.58155008,ADAFACTOR
MoE,0.610693888,LION
MoE,0.618124288,LION
MoE,0.630358784,LION
MoE,0.632643328,LION
MoE,0.636159744,LION
MoE,0.634006784,LION
MoE,0.636846848,LION
MoE,0.636124928,LION
MoE,0.634918656,LION
MoE,0.636754688,LION
Dense,0.161588736,ADAFACTOR
Dense,0.166189568,ADAFACTOR
Dense,0.169031424,ADAFACTOR
Dense,0.166679808,ADAFACTOR
Dense,0.30029824,LION
Dense,0.307981056,LION
Dense,0.307060224,LION
Dense,0.305341952,LION
Dense,0.310738688,LION
Dense,0.310441472,LION
Dense,0.31358208,LION
Dense,0.31911808,LION
Dense,0.318871808,LION
Dense,0.322723584,LION
Dense,0.323111424,LION
Dense,0.32011136,LION
Dense,0.32073472,LION
Dense,0.328132352,LION
MoE,0.26783488,LION
MoE,0.272599808,LION
MoE,0.28146048,LION
MoE,0.282160384,LION
Dense,0.201906944,LION
Dense,0.21532416,LION
Dense,0.220299264,LION
Dense,0.22650624,LION
Dense,0.21861504,LION
Dense,0.221940224,LION
Dense,0.219420416,LION
Dense,0.231203328,LION
Dense,0.230649088,LION
Dense,0.232310528,LION
Dense,0.241954816,LION
Dense,0.239447552,LION
MoE,0.129318912,ADAFACTOR
MoE,0.13693056,ADAFACTOR
MoE,0.141150464,ADAFACTOR
MoE,0.145456128,ADAFACTOR
MoE,0.1402112,ADAFACTOR
MoE,0.138491904,ADAFACTOR
MoE,0.143348736,ADAFACTOR
MoE,0.144818432,ADAFACTOR
MoE,0.149919488,ADAFACTOR
MoE,0.151667968,ADAFACTOR
Dense,0.033081344,LION
Dense,0.03831296,LION
Dense,0.040258048,LION
Dense,0.039924224,LION
Dense,0.041164544,LION
Dense,0.040055296,LION
Dense,0.039677184,LION
Dense,0.039033088,LION
Dense,0.0375744,LION
Dense,0.0364928,LION
Dense,0.03836672,LION
Dense,0.040445696,LION
Dense,0.0362304,LION
Dense,0.03683072,LION
MoE,0.382330368,ADAMW
MoE,0.382850304,ADAMW
MoE,0.38600704,ADAMW
MoE,0.386598912,ADAMW
MoE,0.388920576,ADAMW
MoE,0.392130816,ADAMW
MoE,0.393429504,ADAMW
MoE,0.241556992,LION
MoE,0.244292352,LION
MoE,0.254508288,LION
MoE,0.257206272,LION
MoE,0.257555712,LION
MoE,0.307243776,ADAFACTOR
MoE,0.3232256,ADAFACTOR
MoE,0.328965376,ADAFACTOR
MoE,0.330110464,ADAFACTOR
MoE,0.33645696,ADAFACTOR
MoE,0.336428544,ADAFACTOR
MoE,0.336334592,ADAFACTOR
MoE,0.332481792,ADAFACTOR
MoE,0.330389504,ADAFACTOR
MoE,0.334368,ADAFACTOR
MoE,0.33335168,ADAFACTOR
MoE,0.331235584,ADAFACTOR
MoE,0.33182208,ADAFACTOR
MoE,0.343569408,ADAFACTOR
MoE,0.331226624,ADAFACTOR
MoE,0.341379328,ADAFACTOR
MoE,0.344937472,ADAFACTOR
MoE,0.345309696,ADAFACTOR
MoE,0.354721792,ADAFACTOR
MoE,0.353360128,ADAFACTOR
MoE,0.350562816,ADAFACTOR
MoE,0.35271296,ADAFACTOR
MoE,0.354986752,ADAFACTOR
MoE,0.35430144,ADAFACTOR
Dense,0.299154944,ADAMW
Dense,0.30127488,ADAMW
Dense,0.310654464,ADAMW
Dense,0.308012544,ADAMW
Dense,0.305848576,ADAMW
Dense,0.309755904,ADAMW
Dense,0.319073536,ADAMW
Dense,0.32372096,ADAMW
Dense,0.320484864,ADAMW
Dense,0.326623232,ADAMW
Dense,0.328547072,ADAMW
Dense,0.335247616,ADAMW
Dense,0.338253824,ADAMW
Dense,0.337562624,ADAMW
Dense,0.346057728,ADAMW
Dense,0.342405376,ADAMW
Dense,0.35028352,ADAMW
Dense,0.348297984,ADAMW
Dense,0.345346304,ADAMW
Dense,0.110443008,ADAFACTOR
Dense,0.113659392,ADAFACTOR
Dense,0.116334848,ADAFACTOR
Dense,0.117655296,ADAFACTOR
Dense,0.119156736,ADAFACTOR
Dense,0.121592832,ADAFACTOR
Dense,0.12112768,ADAFACTOR
Dense,0.121344512,ADAFACTOR
Dense,0.125845504,ADAFACTOR
Dense,0.126969088,ADAFACTOR
MoE,0.927854592,ADAMW
MoE,0.93774976,ADAMW
MoE,0.944054272,ADAMW
MoE,0.949460736,ADAMW
MoE,0.952768512,ADAMW
MoE,0.951391232,ADAMW
MoE,0.24020992,LION
MoE,0.243790848,LION
MoE,0.245789696,LION
MoE,0.245499392,LION
MoE,0.246800896,LION
MoE,0.255449856,LION
MoE,0.254195456,LION
MoE,0.259052032,LION
MoE,0.261398272,LION
MoE,0.254518272,LION
MoE,0.251776768,LION
MoE,0.257455616,LION
MoE,0.261220096,LION
MoE,0.262954752,LION
MoE,0.264226048,LION
MoE,0.270504704,LION
MoE,0.273273856,LION
MoE,0.27019776,LION
MoE,0.267138304,LION
MoE,0.269222656,LION
MoE,0.272909568,LION
MoE,0.269414912,LION
MoE,0.269136384,LION
MoE,0.267604224,LION
MoE,0.273092352,LION
MoE,0.269736448,LION
MoE,0.269652224,LION
MoE,0.269146112,LION
Dense,0.45393024,ADAMW
Dense,0.470936576,ADAMW
Dense,0.475891968,ADAMW
Dense,0.477476352,ADAMW
Dense,0.475808512,ADAMW
Dense,0.477413888,ADAMW
Dense,0.478790656,ADAMW
Dense,0.299154944,ADAMW
Dense,0.309674752,ADAMW
Dense,0.322467328,ADAMW
Dense,0.320877056,ADAMW
Dense,0.318711552,ADAMW
Dense,0.321830912,ADAMW
Dense,0.327635456,ADAMW
Dense,0.321348608,ADAMW
Dense,0.325718784,ADAMW
Dense,0.32029568,ADAMW
Dense,0.320952064,ADAMW
Dense,0.324313856,ADAMW
Dense,0.322578688,ADAMW
Dense,0.331225856,ADAMW
MoE,0.904562688,LION
MoE,0.914615552,LION
MoE,0.921239552,LION
MoE,0.919955968,LION
MoE,0.925531392,LION
MoE,0.930060544,LION
MoE,0.934449152,LION
MoE,0.926120704,LION
MoE,0.930055168,LION
MoE,0.936184064,LION
Dense,0.222439424,LION
Dense,0.233209856,LION
Dense,0.241660416,LION
Dense,0.241798912,LION
Dense,0.244013568,LION
Dense,0.246431232,LION
Dense,0.246385408,LION
Dense,0.247575808,LION
Dense,0.249502208,LION
Dense,0.247915264,LION
Dense,0.255317248,LION
Dense,0.256801792,LION
Dense,0.43874048,ADAMW
Dense,0.446186752,ADAMW
Dense,0.444667648,ADAMW
Dense,0.452297728,ADAMW
Dense,0.466097664,ADAMW
Dense,0.474716928,ADAMW
Dense,0.497179904,ADAMW
Dense,0.48866944,ADAMW
Dense,0.481648128,ADAMW
Dense,0.483194624,ADAMW
Dense,0.48438784,ADAMW
Dense,0.486491392,ADAMW
Dense,0.491518208,ADAMW
Dense,0.4862656,ADAMW
Dense,0.493133312,ADAMW
Dense,0.479909632,ADAMW
Dense,0.485562624,ADAMW
Dense,0.48484224,ADAMW
Dense,0.4775936,ADAMW
Dense,0.481819136,ADAMW
Dense,0.477193728,ADAMW
Dense,0.480816128,ADAMW
Dense,0.476046848,ADAMW
Dense,0.473395712,ADAMW
Dense,0.474502912,ADAMW
Dense,0.488327936,ADAMW
Dense,0.496764416,ADAMW
Dense,0.493327104,ADAMW
MoE,0.38229504,ADAMW
MoE,0.388359168,ADAMW
MoE,0.390033664,ADAMW
MoE,0.39074048,ADAMW
MoE,0.459134464,ADAFACTOR
MoE,0.460393984,ADAFACTOR
MoE,0.463899648,ADAFACTOR
MoE,0.465795584,ADAFACTOR
MoE,0.46527744,ADAFACTOR
MoE,0.47703296,ADAFACTOR
MoE,0.500426752,ADAFACTOR
MoE,0.501381376,ADAFACTOR
MoE,0.4973888,ADAFACTOR
MoE,0.501818368,ADAFACTOR
MoE,0.503821568,ADAFACTOR
MoE,0.50563712,ADAFACTOR
Dense,0.454072576,ADAMW
Dense,0.473967616,ADAMW
Dense,0.479330304,ADAMW
Dense,0.481330688,ADAMW
Dense,0.490838016,ADAMW
Dense,0.497132032,ADAMW
Dense,0.496851456,ADAMW
Dense,0.5005952,ADAMW
Dense,0.496353024,ADAMW
Dense,0.499800576,ADAMW
Dense,0.501695488,ADAMW
Dense,0.512148736,ADAMW
Dense,0.508085504,ADAMW
Dense,0.504749824,ADAMW
Dense,0.508664064,ADAMW
Dense,0.5034112,ADAMW
Dense,0.50007168,ADAMW
Dense,0.501547264,ADAMW
Dense,0.499639552,ADAMW
Dense,0.501530112,ADAMW
Dense,0.505444864,ADAMW
Dense,0.511192576,ADAMW
Dense,0.501100032,ADAMW
Dense,0.501332224,ADAMW
Dense,0.508668416,ADAMW
Dense,0.504292352,ADAMW
Dense,0.506246656,ADAMW
Dense,0.503999744,ADAMW
Dense,0.4987904,ADAMW
Dense,0.49433728,ADAMW
Dense,0.495258624,ADAMW
Dense,0.498788608,ADAMW
Dense,0.500143872,ADAMW
Dense,0.503836672,ADAMW
Dense,0.50285056,ADAMW
Dense,0.506102528,ADAMW
Dense,0.506653696,ADAMW
Dense,0.511534848,ADAMW
Dense,0.507392768,ADAMW
Dense,0.530742528,ADAMW
Dense,0.524453888,ADAMW
Dense,0.524150272,ADAMW
Dense,0.519350272,ADAMW
Dense,0.519327744,ADAMW
Dense,0.504612096,ADAMW
Dense,0.51262208,ADAMW
Dense,0.514189824,ADAMW
Dense,0.511470336,ADAMW
Dense,0.509308672,ADAMW
Dense,0.513297664,ADAMW
Dense,0.508935936,ADAMW
Dense,0.507884288,ADAMW
Dense,0.507700736,ADAMW
Dense,0.505723392,ADAMW
Dense,0.507457536,ADAMW
Dense,0.504740864,ADAMW
Dense,0.45393024,ADAMW
Dense,0.47488384,ADAMW
Dense,0.476993792,ADAMW
Dense,0.481295872,ADAMW
Dense,0.486761728,ADAMW
Dense,0.494338048,ADAMW
Dense,0.478160128,ADAMW
Dense,0.482745088,ADAMW
Dense,0.483132672,ADAMW
Dense,0.486636032,ADAMW
Dense,0.48861952,ADAMW
Dense,0.49264256,ADAMW
Dense,0.502744576,ADAMW
Dense,0.502162432,ADAMW
Dense,0.4478208,ADAMW
Dense,0.455739648,ADAMW
Dense,0.456699648,ADAMW
Dense,0.459456768,ADAMW
Dense,0.462053632,ADAMW
Dense,0.467397376,ADAMW
Dense,0.464737536,ADAMW
Dense,0.473540096,ADAMW
Dense,0.473220096,ADAMW
Dense,0.475743232,ADAMW
Dense,0.484124416,ADAMW
Dense,0.48206464,ADAMW
Dense,0.480664576,ADAMW
Dense,0.48130304,ADAMW
Dense,0.48329472,ADAMW
Dense,0.490521344,ADAMW
Dense,0.48742656,ADAMW
Dense,0.491649792,ADAMW
Dense,0.499225856,ADAMW
Dense,0.498401024,ADAMW
Dense,0.499538944,ADAMW
Dense,0.496093952,ADAMW
Dense,0.502724608,ADAMW
Dense,0.501529344,ADAMW
Dense,0.303034624,ADAMW
Dense,0.314022656,ADAMW
Dense,0.317821952,ADAMW
Dense,0.311453952,ADAMW
Dense,0.319637504,ADAMW
Dense,0.323976704,ADAMW
Dense,0.325671424,ADAMW
Dense,0.328335616,ADAMW
Dense,0.330009856,ADAMW
Dense,0.335990272,ADAMW
Dense,0.343695872,ADAMW
Dense,0.339820288,ADAMW
Dense,0.341880064,ADAMW
Dense,0.340094976,ADAMW
Dense,0.3473408,ADAMW
Dense,0.344616192,ADAMW
Dense,0.339811584,ADAMW
Dense,0.345338624,ADAMW
Dense,0.346468608,ADAMW
Dense,0.454072576,ADAMW
Dense,0.468644864,ADAMW
Dense,0.475658752,ADAMW
Dense,0.480684032,ADAMW
Dense,0.483248896,ADAMW
Dense,0.491473408,ADAMW
Dense,0.4920192,ADAMW
Dense,0.49001856,ADAMW
Dense,0.4942208,ADAMW
Dense,0.499179264,ADAMW
Dense,0.495089408,ADAMW
Dense,0.493194496,ADAMW
Dense,0.493780224,ADAMW
Dense,0.49688192,ADAMW
Dense,0.505189888,ADAMW
Dense,0.493827328,ADAMW
Dense,0.505643008,ADAMW
Dense,0.50551808,ADAMW
Dense,0.508741632,ADAMW
Dense,0.509457152,ADAMW
Dense,0.512001792,ADAMW
Dense,0.508528896,ADAMW
Dense,0.503764736,ADAMW
Dense,0.514274048,ADAMW
Dense,0.51004288,ADAMW
Dense,0.514975488,ADAMW
Dense,0.525724672,ADAMW
Dense,0.537183232,ADAMW
Dense,0.523741952,ADAMW
Dense,0.526811392,ADAMW
Dense,0.525295616,ADAMW
Dense,0.526695936,ADAMW
Dense,0.522796544,ADAMW
Dense,0.52433024,ADAMW
Dense,0.527002112,ADAMW
Dense,0.532734208,ADAMW
Dense,0.534479104,ADAMW
Dense,0.523987456,ADAMW
Dense,0.453921536,ADAMW
Dense,0.465797376,ADAMW
Dense,0.466984448,ADAMW
Dense,0.470308096,ADAMW
Dense,0.47767424,ADAMW
Dense,0.478063616,ADAMW
Dense,0.480525568,ADAMW
MoE,0.084730112,ADAFACTOR
MoE,0.085949952,ADAFACTOR
MoE,0.08768512,ADAFACTOR
MoE,0.087494144,ADAFACTOR
MoE,0.088839936,ADAFACTOR
MoE,0.090581248,ADAFACTOR
MoE,0.09035776,ADAFACTOR
MoE,0.09019008,ADAFACTOR
MoE,0.089126912,ADAFACTOR
MoE,0.09038848,ADAFACTOR
MoE,0.091540736,ADAFACTOR
MoE,0.091034368,ADAFACTOR
MoE,0.092196864,ADAFACTOR
MoE,0.0918272,ADAFACTOR
MoE,0.092631296,ADAFACTOR
MoE,0.093771776,ADAFACTOR
MoE,0.091962112,ADAFACTOR
MoE,0.090858496,ADAFACTOR
MoE,0.091874048,ADAFACTOR
MoE,0.092314368,ADAFACTOR
MoE,0.092650752,ADAFACTOR
MoE,0.09282816,ADAFACTOR
MoE,0.09375872,ADAFACTOR
MoE,0.092155136,ADAFACTOR
MoE,0.091967488,ADAFACTOR
MoE,0.092368128,ADAFACTOR
MoE,0.091514112,ADAFACTOR
MoE,0.090757888,ADAFACTOR
MoE,0.90467328,LION
MoE,0.922143744,LION
MoE,0.925111552,LION
MoE,0.928639488,LION
MoE,0.928320512,LION
MoE,0.931559168,LION
MoE,0.936061952,LION
MoE,0.938148864,LION
MoE,0.941266688,LION
MoE,0.940069888,LION
MoE,0.938394112,LION
MoE,0.935782912,LION
MoE,0.935769088,LION
MoE,0.940741376,LION
MoE,0.942370816,LION
MoE,0.940005888,LION
MoE,0.940454656,LION
MoE,0.942217984,LION
MoE,0.941457664,LION
MoE,0.256577024,ADAFACTOR
MoE,0.264612864,ADAFACTOR
MoE,0.270859008,ADAFACTOR
MoE,0.272069888,ADAFACTOR
MoE,0.272643584,ADAFACTOR
MoE,0.268744704,ADAFACTOR
MoE,0.272367104,ADAFACTOR
MoE,0.275672832,ADAFACTOR
MoE,0.2742976,ADAFACTOR
MoE,0.27578624,ADAFACTOR
MoE,0.273625856,ADAFACTOR
MoE,0.27349248,ADAFACTOR
MoE,0.277647872,ADAFACTOR
MoE,0.27741824,ADAFACTOR
MoE,0.278240768,ADAFACTOR
MoE,0.274278912,ADAFACTOR
MoE,0.273954816,ADAFACTOR
MoE,0.274401536,ADAFACTOR
MoE,0.276608768,ADAFACTOR
MoE,0.277719808,ADAFACTOR
MoE,0.282565632,ADAFACTOR
MoE,0.282806016,ADAFACTOR
MoE,0.279888384,ADAFACTOR
MoE,0.282075648,ADAFACTOR
Dense,0.126372096,ADAFACTOR
Dense,0.137820416,ADAFACTOR
Dense,0.136753664,ADAFACTOR
Dense,0.141615872,ADAFACTOR
Dense,0.142238208,ADAFACTOR
Dense,0.45409024,ADAMW
Dense,0.47513472,ADAMW
Dense,0.486754304,ADAMW
Dense,0.49058432,ADAMW
Dense,0.49488512,ADAMW
Dense,0.4963264,ADAMW
Dense,0.502439168,ADAMW
Dense,0.5066368,ADAMW
Dense,0.508064768,ADAMW
Dense,0.515088128,ADAMW
Dense,0.512339968,ADAMW
Dense,0.511675392,ADAMW
Dense,0.513817344,ADAMW
Dense,0.519080192,ADAMW
MoE,0.626059008,LION
MoE,0.638982912,LION
MoE,0.64046336,LION
MoE,0.655262208,LION
MoE,0.660739584,LION
MoE,0.661426176,LION
MoE,0.908759808,ADAMW
MoE,0.913944576,ADAMW
MoE,0.922567936,ADAMW
MoE,0.931478016,ADAMW
MoE,0.932963072,ADAMW
MoE,0.938120448,ADAMW
MoE,0.949355008,ADAMW
MoE,0.955605504,ADAMW
MoE,0.96050048,ADAMW
MoE,0.967088384,ADAMW
MoE,0.965128448,ADAMW
MoE,0.969155584,ADAMW
MoE,0.967913984,ADAMW
MoE,0.97056,ADAMW
MoE,0.971523584,ADAMW
MoE,0.978692864,ADAMW
MoE,0.974863616,ADAMW
MoE,0.982888192,ADAMW
MoE,0.98535296,ADAMW
MoE,0.97805696,ADAMW
MoE,0.969699328,ADAMW
MoE,0.9715008,ADAMW
MoE,0.977367808,ADAMW
MoE,0.972796416,ADAMW
MoE,0.48868352,ADAFACTOR
MoE,0.52728704,ADAFACTOR
MoE,0.562107392,ADAFACTOR
MoE,0.561660928,ADAFACTOR
MoE,0.57083264,ADAFACTOR
MoE,0.583876352,ADAFACTOR
MoE,0.626161408,LION
MoE,0.642847488,LION
MoE,0.648180224,LION
MoE,0.651235584,LION
MoE,0.662602752,LION
MoE,0.667707904,LION
MoE,0.670886912,LION
MoE,0.686577408,LION
MoE,0.671026688,LION
MoE,0.667905536,LION
Dense,0.155390976,ADAFACTOR
Dense,0.16062336,ADAFACTOR
Dense,0.161572864,ADAFACTOR
Dense,0.163540736,ADAFACTOR
Dense,0.163578368,ADAFACTOR
Dense,0.164598016,ADAFACTOR
Dense,0.165511936,ADAFACTOR
Dense,0.165902848,ADAFACTOR
Dense,0.16621056,ADAFACTOR
Dense,0.16609792,ADAFACTOR
Dense,0.166289152,ADAFACTOR
Dense,0.166475008,ADAFACTOR
Dense,0.161761792,ADAFACTOR
Dense,0.171001856,ADAFACTOR
Dense,0.170635776,ADAFACTOR
Dense,0.168919552,ADAFACTOR
Dense,0.171588096,ADAFACTOR
Dense,0.172957184,ADAFACTOR
Dense,0.173668864,ADAFACTOR
Dense,0.178106624,ADAFACTOR
Dense,0.170901504,ADAFACTOR
Dense,0.170717696,ADAFACTOR
Dense,0.182924288,ADAFACTOR
Dense,0.181979392,ADAFACTOR
MoE,0.466327552,ADAFACTOR
MoE,0.482364928,ADAFACTOR
MoE,0.484817152,ADAFACTOR
MoE,0.485892608,ADAFACTOR
MoE,0.491433984,ADAFACTOR
MoE,0.491735552,ADAFACTOR
MoE,0.493503488,ADAFACTOR
MoE,0.494207744,ADAFACTOR
MoE,0.493735168,ADAFACTOR
MoE,0.494067968,ADAFACTOR
MoE,0.49751296,ADAFACTOR
MoE,0.498054656,ADAFACTOR
MoE,0.50616704,ADAFACTOR
MoE,0.505089792,ADAFACTOR
MoE,0.499459584,ADAFACTOR
MoE,0.500740608,ADAFACTOR
MoE,0.50264576,ADAFACTOR
MoE,0.50489856,ADAFACTOR
MoE,0.51669376,ADAFACTOR
MoE,0.514251264,ADAFACTOR
MoE,0.524004608,ADAFACTOR
MoE,0.522406656,ADAFACTOR
MoE,0.524349184,ADAFACTOR
MoE,0.519736832,ADAFACTOR
MoE,0.521921536,ADAFACTOR
MoE,0.528376064,ADAFACTOR
MoE,0.529380352,ADAFACTOR
MoE,0.531094016,ADAFACTOR
Dense,0.155390976,ADAFACTOR
Dense,0.160861184,ADAFACTOR
Dense,0.160299776,ADAFACTOR
Dense,0.16431872,ADAFACTOR
Dense,0.16507648,ADAFACTOR
Dense,0.16494336,ADAFACTOR
Dense,0.16571392,ADAFACTOR
Dense,0.16558848,ADAFACTOR
Dense,0.165063424,ADAFACTOR
Dense,0.168648448,ADAFACTOR
Dense,0.171433984,ADAFACTOR
Dense,0.169795328,ADAFACTOR
Dense,0.169996288,ADAFACTOR
Dense,0.1700736,ADAFACTOR
Dense,0.088094976,ADAMW
Dense,0.090665472,ADAMW
Dense,0.091991808,ADAMW
Dense,0.092169728,ADAMW
Dense,0.092495872,ADAMW
Dense,0.093778432,ADAMW
Dense,0.094685952,ADAMW
Dense,0.097289216,ADAMW
Dense,0.098964992,ADAMW
Dense,0.100832256,ADAMW
Dense,0.10239232,ADAMW
Dense,0.104849408,ADAMW
Dense,0.103928064,ADAMW
Dense,0.102970624,ADAMW
Dense,0.10343424,ADAMW
Dense,0.102439936,ADAMW
Dense,0.101109504,ADAMW
Dense,0.09973888,ADAMW
Dense,0.099836672,ADAMW
Dense,0.101122048,ADAMW
Dense,0.098809856,ADAMW
Dense,0.097339136,ADAMW
Dense,0.098164224,ADAMW
Dense,0.09727104,ADAMW
Dense,0.098383104,ADAMW
Dense,0.098582784,ADAMW
Dense,0.10042368,ADAMW
Dense,0.10011264,ADAMW
MoE,0.19877632,ADAMW
MoE,0.199530496,ADAMW
MoE,0.201906688,ADAMW
MoE,0.206215168,ADAMW
MoE,0.205831424,ADAMW
MoE,0.206633472,ADAMW
MoE,0.208271616,ADAMW
MoE,0.206340096,ADAMW
MoE,0.21040256,ADAMW
MoE,0.20979456,ADAMW
MoE,0.210424064,ADAMW
MoE,0.209560064,ADAMW
MoE,0.211042816,ADAMW
MoE,0.211063296,ADAMW
MoE,0.21225856,ADAMW
MoE,0.213851904,ADAMW
MoE,0.213615872,ADAMW
MoE,0.212133888,ADAMW
MoE,0.210963456,ADAMW
MoE,0.211712,ADAMW
MoE,0.211872,ADAMW
MoE,0.212534272,ADAMW
MoE,0.21346944,ADAMW
MoE,0.213199616,ADAMW
MoE,0.212978432,ADAMW
MoE,0.212631808,ADAMW
MoE,0.212451072,ADAMW
MoE,0.213519872,ADAMW
MoE,0.312394496,ADAFACTOR
MoE,0.326311424,ADAFACTOR
MoE,0.327669248,ADAFACTOR
MoE,0.324507136,ADAFACTOR
MoE,0.340214272,ADAFACTOR
Dense,0.4529536,ADAMW
Dense,0.458990848,ADAMW
Dense,0.46141696,ADAMW
Dense,0.470008064,ADAMW
Dense,0.474920704,ADAMW
Dense,0.476392704,ADAMW
Dense,0.468477952,ADAMW
Dense,0.053250304,ADAFACTOR
Dense,0.05501568,ADAFACTOR
Dense,0.057178368,ADAFACTOR
Dense,0.05775488,ADAFACTOR
Dense,0.05836416,ADAFACTOR
Dense,0.059464448,ADAFACTOR
Dense,0.060560128,ADAFACTOR
Dense,0.058632192,ADAFACTOR
Dense,0.057834496,ADAFACTOR
Dense,0.058614016,ADAFACTOR
Dense,0.061269248,ADAFACTOR
Dense,0.059643904,ADAFACTOR
MoE,0.48904832,ADAFACTOR
MoE,0.511633408,ADAFACTOR
MoE,0.5171776,ADAFACTOR
MoE,0.525803264,ADAFACTOR
MoE,0.527596288,ADAFACTOR
MoE,0.548391936,ADAFACTOR
MoE,0.58296064,ADAFACTOR
MoE,0.584914944,ADAFACTOR
MoE,0.582174976,ADAFACTOR
MoE,0.585233152,ADAFACTOR
Dense,0.161430016,ADAFACTOR
Dense,0.171410176,ADAFACTOR
Dense,0.17208832,ADAFACTOR
Dense,0.17652608,ADAFACTOR
Dense,0.18399744,ADAFACTOR
Dense,0.185497088,ADAFACTOR
Dense,0.186572544,ADAFACTOR
Dense,0.192727808,ADAFACTOR
Dense,0.19334144,ADAFACTOR
Dense,0.19389824,ADAFACTOR
Dense,0.196150528,ADAFACTOR
Dense,0.195922432,ADAFACTOR
MoE,0.920808192,ADAMW
MoE,0.925386496,ADAMW
MoE,0.949423104,ADAMW
MoE,0.96255744,ADAMW
MoE,0.968112384,ADAMW
MoE,0.96544,ADAMW
MoE,0.972871424,ADAMW
MoE,1.360140544,ADAMW
MoE,1.371807744,ADAMW
MoE,1.378385664,ADAMW
MoE,1.380487424,ADAMW
MoE,1.38406272,ADAMW
MoE,1.386114304,ADAMW
MoE,1.385862144,ADAMW
MoE,1.383963136,ADAMW
MoE,1.383705088,ADAMW
MoE,1.38973696,ADAMW
MoE,1.385873664,ADAMW
MoE,1.385489152,ADAMW
Dense,0.306585088,LION
Dense,0.319587328,LION
Dense,0.32614016,LION
Dense,0.32106496,LION
Dense,0.333251072,LION
Dense,0.334913024,LION
Dense,0.329559552,LION
Dense,0.33486464,LION
Dense,0.333686528,LION
Dense,0.338739456,LION
Dense,0.342226944,LION
Dense,0.3398336,LION
MoE,0.906075136,LION
MoE,0.915177472,LION
MoE,0.924366336,LION
MoE,0.922388992,LION
MoE,0.925621248,LION
MoE,0.929214208,LION
MoE,0.920904704,LION
MoE,0.92397184,LION
MoE,0.929252608,LION
MoE,0.935118336,LION
MoE,0.935804416,LION
MoE,0.932030464,LION
MoE,0.944886272,LION
MoE,0.942990336,LION
MoE,1.374838784,ADAMW
MoE,1.393463296,ADAMW
MoE,1.3996608,ADAMW
MoE,1.40940416,ADAMW
MoE,1.41675264,ADAMW
MoE,1.433943808,ADAMW
Dense,0.12275968,ADAMW
Dense,0.132462336,ADAMW
Dense,0.136562176,ADAMW
Dense,0.140272896,ADAMW
Dense,0.139532288,ADAMW
Dense,0.1373056,ADAMW
Dense,0.13542016,ADAMW
Dense,0.136327936,ADAMW
Dense,0.136356096,ADAMW
Dense,0.140302336,ADAMW
Dense,0.138646528,ADAMW
Dense,0.13384576,ADAMW
Dense,0.138017536,ADAMW
Dense,0.137291776,ADAMW
Dense,0.137532928,ADAMW
Dense,0.138343936,ADAMW
Dense,0.14011392,ADAMW
Dense,0.139534592,ADAMW
Dense,0.140767232,ADAMW
Dense,0.139293184,ADAMW
Dense,0.139325952,ADAMW
Dense,0.139603712,ADAMW
Dense,0.142553856,ADAMW
Dense,0.14164992,ADAMW
MoE,1.360263936,ADAMW
MoE,1.370836992,ADAMW
MoE,1.371114496,ADAMW
MoE,1.377555968,ADAMW
MoE,1.377910528,ADAMW
MoE,1.379229952,ADAMW
MoE,1.384035328,ADAMW
MoE,1.386059264,ADAMW
MoE,1.39385728,ADAMW
MoE,1.392584448,ADAMW
MoE,1.38900992,ADAMW
MoE,1.389370368,ADAMW
MoE,1.390558464,ADAMW
MoE,1.394269184,ADAMW
MoE,0.48904832,ADAFACTOR
MoE,0.512502528,ADAFACTOR
MoE,0.521617152,ADAFACTOR
MoE,0.53592832,ADAFACTOR
MoE,0.57282432,ADAFACTOR
MoE,0.572353792,ADAFACTOR
MoE,0.565099776,ADAFACTOR
MoE,0.565819648,ADAFACTOR
MoE,0.566774528,ADAFACTOR
MoE,0.567936768,ADAFACTOR
Dense,0.105543424,ADAFACTOR
Dense,0.111678464,ADAFACTOR
Dense,0.112369408,ADAFACTOR
Dense,0.112822272,ADAFACTOR
Dense,0.1127936,ADAFACTOR
Dense,0.112697856,ADAFACTOR
Dense,0.112578048,ADAFACTOR
Dense,0.112561408,ADAFACTOR
Dense,0.112574208,ADAFACTOR
Dense,0.112748288,ADAFACTOR
Dense,0.1122496,ADAFACTOR
Dense,0.11223808,ADAFACTOR
Dense,0.112228096,ADAFACTOR
Dense,0.112290048,ADAFACTOR
Dense,0.112276224,ADAFACTOR
Dense,0.112195328,ADAFACTOR
Dense,0.11239168,ADAFACTOR
Dense,0.112178944,ADAFACTOR
Dense,0.11227776,ADAFACTOR
Dense,0.112155392,ADAFACTOR
Dense,0.112609024,ADAFACTOR
Dense,0.11244032,ADAFACTOR
Dense,0.112673792,ADAFACTOR
Dense,0.112438528,ADAFACTOR
Dense,0.112530944,ADAFACTOR
Dense,0.11467648,ADAFACTOR
Dense,0.114718464,ADAFACTOR
Dense,0.114595328,ADAFACTOR
Dense,0.114632192,ADAFACTOR
Dense,0.114950912,ADAFACTOR
Dense,0.11598848,ADAFACTOR
Dense,0.11601536,ADAFACTOR
Dense,0.116001536,ADAFACTOR
Dense,0.116166144,ADAFACTOR
Dense,0.11613312,ADAFACTOR
Dense,0.116229632,ADAFACTOR
Dense,0.116199424,ADAFACTOR
Dense,0.116494336,ADAFACTOR
Dense,0.453354752,ADAMW
Dense,0.4621888,ADAMW
Dense,0.470736896,ADAMW
Dense,0.476639488,ADAMW
Dense,0.484634624,ADAMW
Dense,0.496625664,ADAMW
Dense,0.499849728,ADAMW
Dense,0.496051712,ADAMW
Dense,0.503818496,ADAMW
Dense,0.501634304,ADAMW
Dense,0.501200384,ADAMW
Dense,0.499856384,ADAMW
Dense,0.454235904,ADAMW
Dense,0.474603776,ADAMW
Dense,0.481126656,ADAMW
Dense,0.477318656,ADAMW
Dense,0.477909248,ADAMW
Dense,0.493102592,ADAMW
Dense,0.502594048,ADAMW
Dense,0.502786304,ADAMW
Dense,0.503734528,ADAMW
Dense,0.4986944,ADAMW
Dense,0.519581696,ADAMW
Dense,0.516412672,ADAMW
Dense,0.515907072,ADAMW
Dense,0.516072704,ADAMW
Dense,0.513273344,ADAMW
Dense,0.512820736,ADAMW
Dense,0.51690752,ADAMW
Dense,0.520617472,ADAMW
Dense,0.518728192,ADAMW
Dense,0.517171712,ADAMW
Dense,0.510805248,ADAMW
Dense,0.510514688,ADAMW
Dense,0.52585216,ADAMW
Dense,0.52340224,ADAMW
Dense,0.52448896,ADAMW
Dense,0.527467008,ADAMW
Dense,0.53336832,ADAMW
Dense,0.524795136,ADAMW
MoE,0.350272768,ADAMW
MoE,0.353051904,ADAMW
MoE,0.354514944,ADAMW
MoE,0.357045248,ADAMW
MoE,0.3582592,ADAMW
MoE,0.358308096,ADAMW
MoE,0.364050176,ADAMW
MoE,0.369654016,ADAMW
MoE,0.37022464,ADAMW
MoE,0.371408128,ADAMW
MoE,0.370278144,ADAMW
MoE,0.372025344,ADAMW
MoE,0.378196736,ADAMW
MoE,0.379117568,ADAMW
MoE,0.388197632,ADAMW
MoE,0.382452736,ADAMW
MoE,0.384797952,ADAMW
MoE,0.380955392,ADAMW
MoE,0.387628032,ADAMW
MoE,0.385612544,ADAMW
MoE,0.383088896,ADAMW
MoE,0.384576512,ADAMW
MoE,0.3894784,ADAMW
MoE,0.392151296,ADAMW
MoE,0.907058688,LION
MoE,0.919947264,LION
MoE,0.923570944,LION
MoE,0.935872,LION
MoE,0.932444928,LION
MoE,0.934970112,LION
MoE,0.939171584,LION
MoE,0.935279104,LION
MoE,0.931358208,LION
MoE,0.933593088,LION
MoE,0.942029312,LION
MoE,0.935478784,LION
MoE,0.93586432,LION
MoE,0.931004672,LION
MoE,0.941818112,LION
MoE,0.946957056,LION
MoE,0.939236352,LION
MoE,0.94032,LION
MoE,0.93914624,LION
MoE,0.948809984,LION
MoE,0.957673472,LION
MoE,0.95387648,LION
MoE,0.948087552,LION
MoE,0.950814464,LION
MoE,0.944136704,LION
MoE,0.947419648,LION
MoE,0.94748288,LION
MoE,0.943226624,LION
Dense,0.469105152,ADAMW
Dense,0.475408384,ADAMW
Dense,0.476621824,ADAMW
Dense,0.486857728,ADAMW
Dense,0.481133312,ADAMW
Dense,0.487114752,ADAMW
Dense,0.497033728,ADAMW
Dense,0.512101888,ADAMW
Dense,0.518831616,ADAMW
Dense,0.520733696,ADAMW
Dense,0.525569536,ADAMW
Dense,0.519254016,ADAMW
Dense,0.52177664,ADAMW
Dense,0.52796928,ADAMW
Dense,0.52513152,ADAMW
Dense,0.529064192,ADAMW
Dense,0.529507072,ADAMW
Dense,0.532056576,ADAMW
Dense,0.517963264,ADAMW
Dense,0.512745728,ADAMW
Dense,0.50576512,ADAMW
Dense,0.514165248,ADAMW
Dense,0.518704896,ADAMW
Dense,0.514356736,ADAMW
Dense,0.447987712,ADAMW
Dense,0.455095552,ADAMW
Dense,0.459137024,ADAMW
Dense,0.45799296,ADAMW
Dense,0.462209024,ADAMW
Dense,0.463246592,ADAMW
Dense,0.467494144,ADAMW
Dense,0.4700096,ADAMW
Dense,0.476285184,ADAMW
Dense,0.488075264,ADAMW
Dense,0.484401152,ADAMW
Dense,0.4860544,ADAMW
Dense,0.048022784,ADAFACTOR
Dense,0.04927744,ADAFACTOR
Dense,0.050216448,ADAFACTOR
Dense,0.051109376,ADAFACTOR
Dense,0.051615744,ADAFACTOR
Dense,0.051988992,ADAFACTOR
Dense,0.05145216,ADAFACTOR
Dense,0.051320064,ADAFACTOR
Dense,0.051831296,ADAFACTOR
Dense,0.053270784,ADAFACTOR
Dense,0.078868736,LION
Dense,0.081334528,LION
Dense,0.082535424,LION
Dense,0.082363136,LION
Dense,0.084767232,LION
Dense,0.087335424,LION
Dense,0.085425664,LION
Dense,0.085740544,LION
Dense,0.085257216,LION
Dense,0.084626176,LION
Dense,0.085216256,LION
Dense,0.085513984,LION
Dense,0.086477824,LION
Dense,0.087745792,LION
Dense,0.314249728,ADAMW
Dense,0.319634432,ADAMW
Dense,0.325305856,ADAMW
Dense,0.33048448,ADAMW
Dense,0.326119168,ADAMW
Dense,0.339027712,ADAMW
Dense,0.35185792,ADAMW
MoE,0.239921664,ADAMW
MoE,0.24790272,ADAMW
MoE,0.247801088,ADAMW
MoE,0.247560448,ADAMW
MoE,0.25101824,ADAMW
MoE,0.253527808,ADAMW
MoE,0.242995712,LION
MoE,0.246980608,LION
MoE,0.259579392,LION
MoE,0.279464448,LION
MoE,0.2685888,LION
MoE,0.265408256,LION
MoE,0.2649408,LION
MoE,0.26532352,LION
MoE,0.271297024,LION
MoE,0.268611328,LION
MoE,0.266355712,LION
MoE,0.26784768,LION
MoE,0.254329344,ADAMW
MoE,0.269706752,ADAMW
MoE,0.275926272,ADAMW
MoE,0.27370752,ADAMW
MoE,0.2753152,ADAMW
MoE,0.277770752,ADAMW
MoE,0.275016704,ADAMW
MoE,0.280773632,ADAMW
MoE,0.276637696,ADAMW
MoE,0.273938432,ADAMW
MoE,0.273682432,ADAMW
MoE,0.277655552,ADAMW
MoE,0.272725504,ADAMW
MoE,0.274350848,ADAMW
MoE,0.270310144,ADAMW
MoE,0.276569088,ADAMW
MoE,0.27662336,ADAMW
MoE,0.27547392,ADAMW
MoE,0.27704448,ADAMW
Dense,0.084929536,LION
Dense,0.088392704,LION
Dense,0.088236544,LION
Dense,0.089565696,LION
Dense,0.089469184,LION
Dense,0.092307712,LION
Dense,0.094768128,LION
Dense,0.094821632,LION
Dense,0.09676544,LION
Dense,0.096633088,LION
Dense,0.156935168,ADAFACTOR
Dense,0.166385152,ADAFACTOR
Dense,0.169184768,ADAFACTOR
Dense,0.169097984,ADAFACTOR
Dense,0.165697792,ADAFACTOR
Dense,0.166673408,ADAFACTOR
Dense,0.167383296,ADAFACTOR
Dense,0.169270784,ADAFACTOR
Dense,0.177771776,ADAFACTOR
Dense,0.179486976,ADAFACTOR
Dense,0.453146368,ADAMW
Dense,0.46111232,ADAMW
Dense,0.466788096,ADAMW
Dense,0.470766336,ADAMW
Dense,0.473056256,ADAMW
Dense,0.475568896,ADAMW
Dense,0.474539264,ADAMW
Dense,0.480755456,ADAMW
Dense,0.4926336,ADAMW
Dense,0.493316608,ADAMW
Dense,0.490486016,ADAMW
Dense,0.478348288,ADAMW
Dense,0.48344064,ADAMW
Dense,0.487798016,ADAMW
Dense,0.491468544,ADAMW
Dense,0.49872384,ADAMW
Dense,0.488877824,ADAMW
Dense,0.492563968,ADAMW
Dense,0.494229504,ADAMW
Dense,0.491391488,ADAMW
Dense,0.489624576,ADAMW
Dense,0.48871808,ADAMW
Dense,0.484855808,ADAMW
Dense,0.492900864,ADAMW
Dense,0.320016896,ADAMW
Dense,0.332828416,ADAMW
Dense,0.34258048,ADAMW
Dense,0.342658048,ADAMW
MoE,0.455673856,ADAFACTOR
MoE,0.471744512,ADAFACTOR
MoE,0.473793536,ADAFACTOR
MoE,0.47723392,ADAFACTOR
MoE,0.47619456,ADAFACTOR
MoE,0.497061632,ADAFACTOR
MoE,0.492002816,ADAFACTOR
MoE,0.485289728,ADAFACTOR
MoE,0.49066496,ADAFACTOR
MoE,0.492295936,ADAFACTOR
Dense,0.091181824,ADAMW
Dense,0.096094464,ADAMW
Dense,0.09603968,ADAMW
Dense,0.096399872,ADAMW
Dense,0.10038656,ADAMW
Dense,0.100085248,ADAMW
Dense,0.101299456,ADAMW
Dense,0.103284992,ADAMW
Dense,0.104658944,ADAMW
Dense,0.104662272,ADAMW
Dense,0.10576512,ADAMW
Dense,0.106192896,ADAMW
Dense,0.106345472,ADAMW
Dense,0.109063168,ADAMW
Dense,0.108709376,ADAMW
Dense,0.108923648,ADAMW
Dense,0.10791296,ADAMW
Dense,0.109141248,ADAMW
Dense,0.110003968,ADAMW
Dense,0.10827264,ADAMW
Dense,0.108066304,ADAMW
Dense,0.108692992,ADAMW
Dense,0.107666176,ADAMW
Dense,0.109531648,ADAMW
MoE,0.124393216,ADAFACTOR
MoE,0.128090112,ADAFACTOR
MoE,0.132175872,ADAFACTOR
MoE,0.137722112,ADAFACTOR
MoE,0.138603264,ADAFACTOR
MoE,0.141275136,ADAFACTOR
MoE,0.14146048,ADAFACTOR
MoE,0.14094976,ADAFACTOR
MoE,0.139548672,ADAFACTOR
MoE,0.1405696,ADAFACTOR
MoE,0.141453568,ADAFACTOR
MoE,0.139456768,ADAFACTOR
MoE,0.13984256,ADAFACTOR
MoE,0.142981888,ADAFACTOR
MoE,0.139973376,ADAFACTOR
MoE,0.141177856,ADAFACTOR
MoE,0.1419904,ADAFACTOR
MoE,0.143937024,ADAFACTOR
MoE,0.141620224,ADAFACTOR
MoE,0.143870464,ADAFACTOR
MoE,0.143439872,ADAFACTOR
MoE,0.145143296,ADAFACTOR
MoE,0.14668928,ADAFACTOR
MoE,0.14789376,ADAFACTOR
MoE,0.14601216,ADAFACTOR
MoE,0.148154368,ADAFACTOR
MoE,0.147447808,ADAFACTOR
MoE,0.147014912,ADAFACTOR
MoE,0.145466112,ADAFACTOR
MoE,0.144979456,ADAFACTOR
MoE,0.145332224,ADAFACTOR
MoE,0.147251456,ADAFACTOR
MoE,0.146544128,ADAFACTOR
MoE,0.149462528,ADAFACTOR
MoE,0.152064768,ADAFACTOR
MoE,0.153191424,ADAFACTOR
MoE,0.15246848,ADAFACTOR
MoE,0.151242752,ADAFACTOR
MoE,0.150349056,ADAFACTOR
MoE,0.151707392,ADAFACTOR
MoE,0.152136704,ADAFACTOR
MoE,0.153705472,ADAFACTOR
MoE,0.153518336,ADAFACTOR
MoE,0.153225216,ADAFACTOR
MoE,0.154660352,ADAFACTOR
MoE,0.154246912,ADAFACTOR
MoE,0.1540224,ADAFACTOR
Dense,0.047887616,ADAFACTOR
Dense,0.051461632,ADAFACTOR
Dense,0.050898432,ADAFACTOR
Dense,0.050889472,ADAFACTOR
Dense,0.051101696,ADAFACTOR
Dense,0.050168064,ADAFACTOR
Dense,0.051027712,ADAFACTOR
Dense,0.050609408,ADAFACTOR
Dense,0.051938304,ADAFACTOR
Dense,0.051481344,ADAFACTOR
Dense,0.051538688,ADAFACTOR
Dense,0.052678656,ADAFACTOR
Dense,0.051774976,ADAFACTOR
Dense,0.052948736,ADAFACTOR
Dense,0.054105088,ADAFACTOR
Dense,0.054425344,ADAFACTOR
Dense,0.053597952,ADAFACTOR
Dense,0.053878016,ADAFACTOR
Dense,0.05474432,ADAFACTOR
Dense,0.054854144,ADAFACTOR
Dense,0.057158656,ADAFACTOR
Dense,0.055926528,ADAFACTOR
Dense,0.05610368,ADAFACTOR
Dense,0.05695488,ADAFACTOR
Dense,0.057144576,ADAFACTOR
Dense,0.056941824,ADAFACTOR
Dense,0.054875136,ADAFACTOR
Dense,0.056864512,ADAFACTOR
MoE,0.129329152,ADAFACTOR
MoE,0.139269632,ADAFACTOR
MoE,0.14071552,ADAFACTOR
MoE,0.142753024,ADAFACTOR
MoE,0.144206336,ADAFACTOR
MoE,0.145953792,ADAFACTOR
MoE,0.14959616,ADAFACTOR
MoE,0.147168768,ADAFACTOR
MoE,0.148388096,ADAFACTOR
MoE,0.153271552,ADAFACTOR
MoE,0.153164544,ADAFACTOR
MoE,0.151928064,ADAFACTOR
